name,age,relationship,interest,tone,wish
John,25,Friend,Gaming,Funny,Happy Birthday John! ğŸ® Level up in life and get all the power-ups you need!
Mom,50,Mother,Cooking,Formal,"Wishing you a joyful 50th birthday, Mom! May your wisdom and kindness continue to inspire us."
Sara,30,Sister,Travel,Poetic,"On your birthday, may the winds guide you to new adventures and endless horizons!"
David,35,Colleague,Technology,Casual,"Hey David, happy birthday! Hope you have an awesome day filled with cool gadgets!"
Emily,21,Sister,Dancing,Poetic,"Emily, may your birthday be as graceful as your dance moves. Keep shining!"
Michael,40,Father,Fishing,Formal,"Happy Birthday, Dad! May your lines always be tight and your catches legendary."
Anna,28,Best Friend,Photography,Inspirational,"Anna, may your birthday be as beautiful as the pictures you take. Keep capturing moments!"
Jake,32,Brother,Sports,Funny,"Happy Birthday, Jake! Hope your team wins today, but letâ€™s be realâ€¦ itâ€™s your birthday, so you win!"
Sophia,45,Aunt,Gardening,Casual,"Sophia, may your birthday be filled with blooming flowers and endless sunshine! ğŸŒ¸"
Chris,27,Friend,Music,Poetic,"Chris, may your birthday play the sweetest melody of happiness and love."
Ella,22,Cousin,Fashion,Funny,"Ella, Happy Birthday! Time to glam up and slay the day like you always do! ğŸ’„âœ¨"
Daniel,50,Uncle,Golf,Formal,"Wishing you a relaxing and joyful birthday, Daniel! May your swings always be perfect!"
Mia,18,Friend,Dancing,Inspirational,"Mia, dance through life with joy and grace! Wishing you a fantastic birthday!"
Tom,55,Boss,Business,Casual,"Happy Birthday, Tom! Wishing you another year of success and great opportunities!"
Lily,29,Girlfriend,Painting,Romantic,"Happy Birthday, my love! May your life be filled with colors as beautiful as your art! ğŸ¨ğŸ’•"
Nathan,26,Brother,Movies,Funny,"Nathan, grab some popcorn! Another year, another blockbuster of your life begins! ğŸ¬ğŸ¿"
Zoe,31,Wife,Yoga,Poetic,"Zoe, may your birthday bring balance, peace, and infinite happiness. Namaste! ğŸ§˜â€â™€ï¸âœ¨"
Leo,33,Husband,Fitness,Casual,"Leo, have an energetic birthday! May your year be filled with gains and good health! ğŸ’ª"
Olivia,20,Daughter,Photography,Inspirational,"Olivia, may your birthday capture the most beautiful moments of joy and adventure! ğŸ“¸"
Samuel,38,Friend,Cooking,Funny,"Happy Birthday, Samuel! Time to cook up some fun and cake! ğŸ°ğŸ‘¨â€ğŸ³"
Victoria,42,Colleague,Reading,Formal,"Wishing you a year filled with wonderful stories and happy chapters, Victoria! ğŸ“–"
Jack,24,Friend,Travel,Casual,"Jack, may your year be filled with new destinations, new adventures, and amazing memories!"
Hannah,37,Sister,Singing,Poetic,"Hannah, may your life be a melody of love, joy, and harmony! ğŸ¶"
Ryan,23,Cousin,Tech,Funny,"Ryan, youâ€™re another year olderâ€¦ but at least you still have the latest tech! ğŸ˜‚"
Alice,44,Mom,Yoga,Formal,"Happy Birthday, Alice! Wishing you peace, relaxation, and joy this year!"
Owen,29,Friend,Adventure,Inspirational,"Owen, life is an adventureâ€”keep exploring, keep dreaming! Happy Birthday!"
Claire,19,Sister,Music,Casual,"Happy Birthday, Claire! Rock on and let your spirit shine! ğŸ¸"
Henry,55,Father,Fishing,Funny,"Henry, hope you catch the biggest fish of allâ€”happiness! Happy Birthday! ğŸ£"
Isabella,35,Wife,Dancing,Romantic,"Isabella, may our love dance through the years as beautifully as ever! ğŸ’ƒğŸ’•"
Ethan,27,Brother,Gaming,Funny,"Happy Birthday, Ethan! May your life be full of epic wins and infinite respawns! ğŸ®"
Natalie,50,Colleague,Gardening,Formal,"Happy Birthday, Natalie! May your year bloom with success and joy! ğŸŒ·"
Mason,45,Uncle,Sports,Casual,"Mason, may your birthday be as exciting as a championship game! ğŸ†"
Lucy,60,Grandmother,Knitting,Poetic,"Lucy, your love weaves the fabric of our family. Wishing you warmth and joy! ğŸ§¶"
Isaac,33,Friend,Science,Inspirational,"Isaac, may your birthday be full of discoveries and wonders! ğŸ§ªâœ¨"
Rachel,29,Best Friend,Art,Funny,"Rachel, another masterpiece of a year awaits you! Happy Birthday! ğŸ¨"
Dylan,31,Brother,Music,Casual,"Happy Birthday, Dylan! Keep making life sound amazing! ğŸµ"
Harper,22,Sister,Photography,Poetic,"Harper, may your birthday be as vibrant and memorable as your best photos! ğŸ“·"
Logan,34,Friend,Tech,Formal,"Logan, wishing you a fantastic birthday and a future filled with innovation!"
Grace,28,Cousin,Writing,Inspirational,"Grace, keep writing your incredible storyâ€”wishing you a fantastic birthday!"
Julian,40,Colleague,Hiking,Casual,"Julian, may this year bring you even greater heights and new trails to explore! ğŸ”ï¸"
